<?xml version="1.0" encoding="UTF-8"?>
<project-private xmlns="http://www.netbeans.org/ns/project-private/1">
    <editor-bookmarks xmlns="http://www.netbeans.org/ns/editor-bookmarks/2" lastBookmarkId="0"/>
    <open-files xmlns="http://www.netbeans.org/ns/projectui-open-files/2">
        <group>
            <file>file:/C:/Users/edwin/OneDrive/Documentos/NetBeansProjects/Poyecto_examen/src/com/login/Login.java</file>
            <file>file:/C:/Users/edwin/OneDrive/Documentos/NetBeansProjects/Poyecto_examen/src/com/menu/Menu.java</file>
            <file>file:/C:/Users/edwin/OneDrive/Documentos/NetBeansProjects/Poyecto_examen/src/com/login/Registro.java</file>
            <file>file:/C:/Users/edwin/OneDrive/Documentos/NetBeansProjects/Poyecto_examen/.git/config</file>
        </group>
    </open-files>
</project-private>
